-- MySQL dump 10.13  Distrib 8.0.30, for Win64 (x86_64)
--
-- Host: localhost    Database: sales
-- ------------------------------------------------------
-- Server version	8.0.30

/*!40101 SET @OLD_CHARACTER_SET_CLIENT=@@CHARACTER_SET_CLIENT */;
/*!40101 SET @OLD_CHARACTER_SET_RESULTS=@@CHARACTER_SET_RESULTS */;
/*!40101 SET @OLD_COLLATION_CONNECTION=@@COLLATION_CONNECTION */;
/*!50503 SET NAMES utf8mb4 */;
/*!40103 SET @OLD_TIME_ZONE=@@TIME_ZONE */;
/*!40103 SET TIME_ZONE='+00:00' */;
/*!40014 SET @OLD_UNIQUE_CHECKS=@@UNIQUE_CHECKS, UNIQUE_CHECKS=0 */;
/*!40014 SET @OLD_FOREIGN_KEY_CHECKS=@@FOREIGN_KEY_CHECKS, FOREIGN_KEY_CHECKS=0 */;
/*!40101 SET @OLD_SQL_MODE=@@SQL_MODE, SQL_MODE='NO_AUTO_VALUE_ON_ZERO' */;
/*!40111 SET @OLD_SQL_NOTES=@@SQL_NOTES, SQL_NOTES=0 */;

--
-- Table structure for table `carat`
--

DROP TABLE IF EXISTS `carat`;
/*!40101 SET @saved_cs_client     = @@character_set_client */;
/*!50503 SET character_set_client = utf8mb4 */;
CREATE TABLE `carat` (
  `ID` int NOT NULL,
  `SW` varchar(10) NOT NULL,
  `Description` varchar(10) NOT NULL,
  PRIMARY KEY (`ID`)
) ENGINE=InnoDB DEFAULT CHARSET=utf8mb3;
/*!40101 SET character_set_client = @saved_cs_client */;

--
-- Dumping data for table `carat`
--

LOCK TABLES `carat` WRITE;
/*!40000 ALTER TABLE `carat` DISABLE KEYS */;
INSERT INTO `carat` VALUES (1,'6K','06K'),(2,'35P','35P'),(3,'8K','08K'),(4,'16K','16K'),(5,'17K','17K'),(6,'17KP','17KP'),(7,'20K','20K'),(8,'42','42'),(9,'32','32'),(10,'85','85'),(11,'84','84'),(12,'10K','10K'),(13,'8KP','08KP'),(14,'19K','19K'),(16,'10KP','10KP'),(17,'24','24');
/*!40000 ALTER TABLE `carat` ENABLE KEYS */;
UNLOCK TABLES;

--
-- Table structure for table `customer`
--

DROP TABLE IF EXISTS `customer`;
/*!40101 SET @saved_cs_client     = @@character_set_client */;
/*!50503 SET character_set_client = utf8mb4 */;
CREATE TABLE `customer` (
  `ID` int NOT NULL,
  `SW` varchar(20) CHARACTER SET utf8mb4 COLLATE utf8mb4_0900_ai_ci NOT NULL,
  `Description` varchar(100) CHARACTER SET utf8mb4 COLLATE utf8mb4_0900_ai_ci NOT NULL,
  PRIMARY KEY (`ID`) USING BTREE
) ENGINE=InnoDB DEFAULT CHARSET=utf8mb4 COLLATE=utf8mb4_0900_ai_ci ROW_FORMAT=DYNAMIC;
/*!40101 SET character_set_client = @saved_cs_client */;

--
-- Dumping data for table `customer`
--

LOCK TABLES `customer` WRITE;
/*!40000 ALTER TABLE `customer` DISABLE KEYS */;
INSERT INTO `customer` VALUES (8,'ANK','Aneka'),(32,'BSN','Brotoseno Nganjuk'),(54,'ERO','Eropa'),(63,'GJW','Gajah Wiradesa'),(74,'IC','Bintang Enam'),(83,'SRR','Sri Rejeki'),(103,'MCN','Macan Sidoarjo'),(117,'MRK','Merak'),(119,'HDP','Hidup Tegal'),(168,'SBY','Surabaya Tasik'),(249,'LST','Lestari'),(255,'AM','Amen Bogor'),(490,'BK7','Berkah Blitar'),(609,'RZL','Rizal'),(780,'RV','Rivan'),(818,'SSN','Srikaya'),(823,'MIN','Mini Tasikmalaya'),(991,'BMJ','Bintang Mas Jkt'),(1012,'BM','Bintang Mas Smg'),(1013,'BMS','Bintang Mas Sby'),(1048,'DWG','Dewi Gold Ponorogo'),(1101,'HK','Mustika'),(1246,'SA','Sinar Agung'),(1263,'BKP','Berkah Purwokerto'),(1304,'ARJ','Ko Asun'),(1329,'ID','ID Bandung'),(1362,'HNF','Hanif Pemalang');
/*!40000 ALTER TABLE `customer` ENABLE KEYS */;
UNLOCK TABLES;

--
-- Table structure for table `docno`
--

DROP TABLE IF EXISTS `docno`;
/*!40101 SET @saved_cs_client     = @@character_set_client */;
/*!50503 SET character_set_client = utf8mb4 */;
CREATE TABLE `docno` (
  `DocNo` varchar(20) NOT NULL,
  PRIMARY KEY (`DocNo`)
) ENGINE=InnoDB DEFAULT CHARSET=utf8mb3;
/*!40101 SET character_set_client = @saved_cs_client */;

--
-- Dumping data for table `docno`
--

LOCK TABLES `docno` WRITE;
/*!40000 ALTER TABLE `docno` DISABLE KEYS */;
/*!40000 ALTER TABLE `docno` ENABLE KEYS */;
UNLOCK TABLES;

--
-- Table structure for table `invoice`
--

DROP TABLE IF EXISTS `invoice`;
/*!40101 SET @saved_cs_client     = @@character_set_client */;
/*!50503 SET character_set_client = utf8mb4 */;
CREATE TABLE `invoice` (
  `ID` int NOT NULL,
  `SW` int NOT NULL,
  `TransDate` date NOT NULL,
  `Customer` varchar(30) NOT NULL,
  `Address` varchar(100) DEFAULT NULL,
  `Phone` varchar(100) DEFAULT NULL,
  `Event` varchar(20) NOT NULL,
  `Grosir` varchar(20) NOT NULL,
  `Weight` double NOT NULL,
  `Remarks` varchar(250) DEFAULT NULL,
  `Venue` varchar(50) DEFAULT NULL,
  `DocNo` varchar(20) DEFAULT NULL,
  `Currency` varchar(10) DEFAULT NULL,
  `Person` varchar(100) DEFAULT NULL,
  `SubGrosir` varchar(50) DEFAULT NULL,
  PRIMARY KEY (`ID`)
) ENGINE=InnoDB DEFAULT CHARSET=utf8mb3;
/*!40101 SET character_set_client = @saved_cs_client */;

--
-- Dumping data for table `invoice`
--

LOCK TABLES `invoice` WRITE;
/*!40000 ALTER TABLE `invoice` DISABLE KEYS */;
INSERT INTO `invoice` VALUES (0,0,'0000-00-00','',NULL,NULL,'','',0,NULL,NULL,NULL,NULL,NULL,'BJFF'),(1,1,'2019-09-12','alx--zonk',NULL,NULL,'In House','IC',0,NULL,NULL,NULL,'CT',NULL,'BJCC'),(2,1,'2025-08-27','Customerku','alsmsy','55222','event','Grosir',0,'sdfdsf','tempat',NULL,NULL,'pembeliku','ABDD');
/*!40000 ALTER TABLE `invoice` ENABLE KEYS */;
UNLOCK TABLES;

--
-- Table structure for table `invoice_empty`
--

DROP TABLE IF EXISTS `invoice_empty`;
/*!40101 SET @saved_cs_client     = @@character_set_client */;
/*!50503 SET character_set_client = utf8mb4 */;
CREATE TABLE `invoice_empty` (
  `ID` int NOT NULL,
  `SW` int NOT NULL,
  `TransDate` date NOT NULL,
  `Customer` varchar(30) NOT NULL,
  `Address` varchar(100) DEFAULT NULL,
  `Phone` varchar(100) DEFAULT NULL,
  `Event` varchar(20) NOT NULL,
  `Grosir` varchar(20) NOT NULL,
  `Weight` double NOT NULL,
  `Remarks` varchar(250) DEFAULT NULL,
  `Venue` varchar(50) DEFAULT NULL,
  `DocNo` varchar(20) DEFAULT NULL,
  `Currency` varchar(10) DEFAULT NULL,
  `Person` varchar(100) DEFAULT NULL,
  `SubGrosir` varchar(50) DEFAULT NULL,
  PRIMARY KEY (`ID`)
) ENGINE=InnoDB DEFAULT CHARSET=utf8mb3 ROW_FORMAT=DYNAMIC;
/*!40101 SET character_set_client = @saved_cs_client */;

--
-- Dumping data for table `invoice_empty`
--

LOCK TABLES `invoice_empty` WRITE;
/*!40000 ALTER TABLE `invoice_empty` DISABLE KEYS */;
/*!40000 ALTER TABLE `invoice_empty` ENABLE KEYS */;
UNLOCK TABLES;

--
-- Table structure for table `invoiceitem`
--

DROP TABLE IF EXISTS `invoiceitem`;
/*!40101 SET @saved_cs_client     = @@character_set_client */;
/*!50503 SET character_set_client = utf8mb4 */;
CREATE TABLE `invoiceitem` (
  `IDM` int NOT NULL,
  `Ordinal` int NOT NULL,
  `Product` int NOT NULL,
  `Carat` int NOT NULL,
  `Weight` double NOT NULL,
  `Price` double DEFAULT NULL,
  `Netto` double DEFAULT NULL,
  `PriceCust` double DEFAULT NULL,
  `NettoCust` double DEFAULT NULL,
  PRIMARY KEY (`IDM`,`Ordinal`)
) ENGINE=InnoDB DEFAULT CHARSET=utf8mb3;
/*!40101 SET character_set_client = @saved_cs_client */;

--
-- Dumping data for table `invoiceitem`
--

LOCK TABLES `invoiceitem` WRITE;
/*!40000 ALTER TABLE `invoiceitem` DISABLE KEYS */;
INSERT INTO `invoiceitem` VALUES (0,1,65,7,330.76,0,14.52,0,0),(0,2,65,7,165.38,0,7.26,0,0),(1,1,63,1,0,0,0,NULL,NULL),(2,1,51,6,496.14,123123,21.78,123123,11.44),(2,2,65,6,165.38,12333,7.26,122,2222);
/*!40000 ALTER TABLE `invoiceitem` ENABLE KEYS */;
UNLOCK TABLES;

--
-- Table structure for table `invoiceitem_empty`
--

DROP TABLE IF EXISTS `invoiceitem_empty`;
/*!40101 SET @saved_cs_client     = @@character_set_client */;
/*!50503 SET character_set_client = utf8mb4 */;
CREATE TABLE `invoiceitem_empty` (
  `IDM` int NOT NULL,
  `Ordinal` int NOT NULL,
  `Product` int NOT NULL,
  `Carat` int NOT NULL,
  `Weight` double NOT NULL,
  `Price` double DEFAULT NULL,
  `Netto` double DEFAULT NULL,
  `PriceCust` double DEFAULT NULL,
  `NettoCust` double DEFAULT NULL,
  PRIMARY KEY (`IDM`,`Ordinal`)
) ENGINE=InnoDB DEFAULT CHARSET=utf8mb3 ROW_FORMAT=DYNAMIC;
/*!40101 SET character_set_client = @saved_cs_client */;

--
-- Dumping data for table `invoiceitem_empty`
--

LOCK TABLES `invoiceitem_empty` WRITE;
/*!40000 ALTER TABLE `invoiceitem_empty` DISABLE KEYS */;
/*!40000 ALTER TABLE `invoiceitem_empty` ENABLE KEYS */;
UNLOCK TABLES;

--
-- Table structure for table `pricelist`
--

DROP TABLE IF EXISTS `pricelist`;
/*!40101 SET @saved_cs_client     = @@character_set_client */;
/*!50503 SET character_set_client = utf8mb4 */;
CREATE TABLE `pricelist` (
  `Customer` varchar(10) NOT NULL,
  `Category` int NOT NULL,
  `Carat` int NOT NULL,
  `Currency` int NOT NULL,
  `Price` double NOT NULL,
  `PriceCust` double DEFAULT NULL,
  PRIMARY KEY (`Customer`,`Category`,`Carat`,`Currency`)
) ENGINE=InnoDB DEFAULT CHARSET=utf8mb3;
/*!40101 SET character_set_client = @saved_cs_client */;

--
-- Dumping data for table `pricelist`
--

LOCK TABLES `pricelist` WRITE;
/*!40000 ALTER TABLE `pricelist` DISABLE KEYS */;
INSERT INTO `pricelist` VALUES ('1012',51,1,40,32.5,NULL),('1012',51,1,41,33.17,NULL),('1012',51,3,40,41.5,NULL),('1012',51,3,41,41.5,NULL),('1012',51,4,40,73.5,NULL),('1012',51,4,41,73.77,NULL),('1012',51,5,40,78.5,NULL),('1012',51,5,41,78.5,NULL),('1012',51,6,40,79.5,NULL),('1012',51,6,41,80.2,NULL),('1012',51,13,40,42.5,NULL),('1012',51,13,41,43.07,NULL),('1012',51,14,40,86.5,NULL),('1012',61,1,40,32.5,NULL),('1012',61,1,41,33.17,NULL),('1012',61,3,40,41.5,NULL),('1012',61,3,41,41.5,NULL),('1012',61,4,40,73.5,NULL),('1012',61,4,41,73.77,NULL),('1012',61,5,40,78.5,NULL),('1012',61,5,41,78.5,NULL),('1012',61,6,40,79.5,NULL),('1012',61,6,41,80.2,NULL),('1012',61,13,40,42.5,NULL),('1012',61,13,41,43.07,NULL),('1012',61,14,40,86.5,NULL),('1012',62,1,40,32.5,NULL),('1012',62,1,41,33.17,NULL),('1012',62,3,40,41.5,NULL),('1012',62,3,41,41.5,NULL),('1012',62,4,40,73.5,NULL),('1012',62,4,41,73.77,NULL),('1012',62,5,40,78.5,NULL),('1012',62,5,41,78.5,NULL),('1012',62,6,40,79.5,NULL),('1012',62,6,41,80.2,NULL),('1012',62,13,40,42.5,NULL),('1012',62,13,41,43.07,NULL),('1012',62,14,40,86.5,NULL),('1012',63,1,40,32.5,NULL),('1012',63,1,41,33.17,NULL),('1012',63,3,40,41.5,NULL),('1012',63,3,41,41.5,NULL),('1012',63,4,40,73.5,NULL),('1012',63,4,41,73.77,NULL),('1012',63,5,40,78.5,NULL),('1012',63,5,41,78.5,NULL),('1012',63,6,40,79.5,NULL),('1012',63,6,41,80.2,NULL),('1012',63,13,40,42.5,NULL),('1012',63,13,41,43.07,NULL),('1012',63,14,40,86.5,NULL),('1012',64,1,40,32.5,NULL),('1012',64,1,41,33.17,NULL),('1012',64,3,40,41.5,NULL),('1012',64,3,41,41.5,NULL),('1012',64,4,40,73.5,NULL),('1012',64,4,41,73.77,NULL),('1012',64,5,40,78.5,NULL),('1012',64,5,41,78.5,NULL),('1012',64,6,40,79.5,NULL),('1012',64,6,41,80.2,NULL),('1012',64,13,40,42.5,NULL),('1012',64,13,41,43.07,NULL),('1012',64,14,40,86.5,NULL),('1012',65,1,40,32.5,NULL),('1012',65,1,41,33.17,NULL),('1012',65,3,40,41.5,NULL),('1012',65,3,41,41.5,NULL),('1012',65,4,40,73.5,NULL),('1012',65,4,41,73.77,NULL),('1012',65,5,40,78.5,NULL),('1012',65,5,41,78.5,NULL),('1012',65,6,40,79.5,NULL),('1012',65,6,41,80.2,NULL),('1012',65,13,40,42.5,NULL),('1012',65,13,41,43.07,NULL),('1012',65,14,40,86.5,NULL),('1012',74,1,40,32.5,NULL),('1012',74,1,41,33.17,NULL),('1012',74,3,40,41.5,NULL),('1012',74,3,41,41.5,NULL),('1012',74,4,40,73.5,NULL),('1012',74,4,41,73.77,NULL),('1012',74,5,40,78.5,NULL),('1012',74,5,41,78.5,NULL),('1012',74,6,40,79.5,NULL),('1012',74,6,41,80.2,NULL),('1012',74,13,40,42.5,NULL),('1012',74,13,41,43.07,NULL),('1012',74,14,40,86.5,NULL),('1012',5617,1,40,32.5,NULL),('1012',5617,1,41,33.17,NULL),('1012',5617,3,40,41.5,NULL),('1012',5617,3,41,41.5,NULL),('1012',5617,4,40,73.5,NULL),('1012',5617,4,41,73.77,NULL),('1012',5617,5,40,78.5,NULL),('1012',5617,5,41,78.5,NULL),('1012',5617,6,40,79.5,NULL),('1012',5617,6,41,80.2,NULL),('1012',5617,13,40,42.5,NULL),('1012',5617,13,41,43.07,NULL),('1012',5617,14,40,86.5,NULL),('1012',5629,1,40,33,NULL),('1012',5629,1,41,33.17,NULL),('1012',5629,3,40,42,NULL),('1012',5629,3,41,42,NULL),('1012',5629,4,40,74,NULL),('1012',5629,4,41,73.77,NULL),('1012',5629,5,40,79,NULL),('1012',5629,5,41,79,NULL),('1012',5629,6,40,80,NULL),('1012',5629,6,41,80.2,NULL),('1012',5629,13,40,43,NULL),('1012',5629,13,41,43.07,NULL),('1012',5629,14,40,87,NULL),('1012',5667,1,40,32.5,NULL),('1012',5667,3,40,41.5,NULL),('1012',5667,4,40,73.5,NULL),('1012',5667,5,40,78.5,NULL),('1012',5667,6,40,79.5,NULL),('1012',5667,13,40,42.5,NULL),('1012',5667,14,40,86.5,NULL),('1012',5724,1,40,32.5,NULL),('1012',5724,3,40,41.5,NULL),('1012',5724,4,40,73.5,NULL),('1012',5724,5,40,78.5,NULL),('1012',5724,6,40,79.5,NULL),('1012',5724,13,40,42.5,NULL),('1012',5724,14,40,86.5,NULL),('1012',5725,1,40,33,NULL),('1012',5725,3,40,42,NULL),('1012',5725,4,40,74,NULL),('1012',5725,5,40,79,NULL),('1012',5725,6,40,80,NULL),('1012',5725,13,40,43,NULL),('1012',5725,14,40,87,NULL),('1012',791154,1,40,32.5,NULL),('1012',791154,3,40,41.5,NULL),('1012',791154,4,40,73.5,NULL),('1012',791154,5,40,78.5,NULL),('1012',791154,6,40,79.5,NULL),('1012',791154,13,40,42.5,NULL),('1012',791154,14,40,86.5,NULL),('1013',51,1,40,32.5,NULL),('1013',51,1,41,32.5,NULL),('1013',51,3,40,41.5,NULL),('1013',51,3,41,42.08,NULL),('1013',51,4,40,73.5,NULL),('1013',51,4,41,73.5,NULL),('1013',51,5,40,78.5,NULL),('1013',51,5,41,78.72,NULL),('1013',51,6,40,79.5,NULL),('1013',51,6,41,80.2,NULL),('1013',51,13,40,42.5,NULL),('1013',51,13,41,43.07,NULL),('1013',51,14,40,87.5,NULL),('1013',61,1,40,32.5,NULL),('1013',61,1,41,32.5,NULL),('1013',61,3,40,41.5,NULL),('1013',61,3,41,42.08,NULL),('1013',61,4,40,73.5,NULL),('1013',61,4,41,73.5,NULL),('1013',61,5,40,78.5,NULL),('1013',61,5,41,78.72,NULL),('1013',61,6,40,79.5,NULL),('1013',61,6,41,80.2,NULL),('1013',61,13,40,42.5,NULL),('1013',61,13,41,43.07,NULL),('1013',61,14,40,87.5,NULL),('1013',62,1,40,32.5,NULL),('1013',62,1,41,32.5,NULL),('1013',62,3,40,41.5,NULL),('1013',62,3,41,42.08,NULL),('1013',62,4,40,73.5,NULL),('1013',62,4,41,73.5,NULL),('1013',62,5,40,78.5,NULL),('1013',62,5,41,78.72,NULL),('1013',62,6,40,79.5,NULL),('1013',62,6,41,80.2,NULL),('1013',62,13,40,42.5,NULL),('1013',62,13,41,43.07,NULL),('1013',62,14,40,87.5,NULL),('1013',63,1,40,32.5,NULL),('1013',63,1,41,32.5,NULL),('1013',63,3,40,41.5,NULL),('1013',63,3,41,42.08,NULL),('1013',63,4,40,73.5,NULL),('1013',63,4,41,73.5,NULL),('1013',63,5,40,78.5,NULL),('1013',63,5,41,78.72,NULL),('1013',63,6,40,79.5,NULL),('1013',63,6,41,80.2,NULL),('1013',63,13,40,42.5,NULL),('1013',63,13,41,43.07,NULL),('1013',63,14,40,87.5,NULL),('1013',64,1,40,32.5,NULL),('1013',64,1,41,32.5,NULL),('1013',64,3,40,41.5,NULL),('1013',64,3,41,42.08,NULL),('1013',64,4,40,73.5,NULL),('1013',64,4,41,73.5,NULL),('1013',64,5,40,78.5,NULL),('1013',64,5,41,78.72,NULL),('1013',64,6,40,79.5,NULL),('1013',64,6,41,80.2,NULL),('1013',64,13,40,42.5,NULL),('1013',64,13,41,43.07,NULL),('1013',64,14,40,87.5,NULL),('1013',65,1,40,32.5,NULL),('1013',65,1,41,32.5,NULL),('1013',65,3,40,41.5,NULL),('1013',65,3,41,42.08,NULL),('1013',65,4,40,73.5,NULL),('1013',65,4,41,73.5,NULL),('1013',65,5,40,78.5,NULL),('1013',65,5,41,78.72,NULL),('1013',65,6,40,79.5,NULL),('1013',65,6,41,80.2,NULL),('1013',65,13,40,42.5,NULL),('1013',65,13,41,43.07,NULL),('1013',65,14,40,87.5,NULL),('1013',74,1,40,32.5,NULL),('1013',74,1,41,32.5,NULL),('1013',74,3,40,41.5,NULL),('1013',74,3,41,42.08,NULL),('1013',74,4,40,73.5,NULL),('1013',74,4,41,73.5,NULL),('1013',74,5,40,78.5,NULL),('1013',74,5,41,78.72,NULL),('1013',74,6,40,79.5,NULL),('1013',74,6,41,80.2,NULL),('1013',74,13,40,42.5,NULL),('1013',74,13,41,43.07,NULL),('1013',74,14,40,87.5,NULL),('1013',5617,1,40,32.5,NULL),('1013',5617,1,41,32.5,NULL),('1013',5617,3,40,41.5,NULL),('1013',5617,3,41,42.08,NULL),('1013',5617,4,40,73.5,NULL),('1013',5617,4,41,73.5,NULL),('1013',5617,5,40,78.5,NULL),('1013',5617,5,41,78.72,NULL),('1013',5617,6,40,79.5,NULL),('1013',5617,6,41,80.2,NULL),('1013',5617,13,40,42.5,NULL),('1013',5617,13,41,43.07,NULL),('1013',5617,14,40,87.5,NULL),('1013',5629,1,40,33,NULL),('1013',5629,1,41,33,NULL),('1013',5629,3,40,42,NULL),('1013',5629,3,41,42.08,NULL),('1013',5629,4,40,74,NULL),('1013',5629,4,41,74,NULL),('1013',5629,5,40,79,NULL),('1013',5629,5,41,78.72,NULL),('1013',5629,6,40,80,NULL),('1013',5629,6,41,80.2,NULL),('1013',5629,13,40,43,NULL),('1013',5629,13,41,43.07,NULL),('1013',5629,14,40,87.5,NULL),('1013',5667,1,40,32.5,NULL),('1013',5667,3,40,41.5,NULL),('1013',5667,4,40,73.5,NULL),('1013',5667,5,40,78.5,NULL),('1013',5667,6,40,79.5,NULL),('1013',5667,13,40,42.5,NULL),('1013',5667,14,40,87,NULL),('1013',5724,1,40,32.5,NULL),('1013',5724,3,40,41.5,NULL),('1013',5724,4,40,73.5,NULL),('1013',5724,5,40,78.5,NULL),('1013',5724,6,40,79.5,NULL),('1013',5724,13,40,42.5,NULL),('1013',5725,1,40,33,NULL),('1013',5725,3,40,42,NULL),('1013',5725,4,40,74,NULL),('1013',5725,5,40,79,NULL),('1013',5725,6,40,80,NULL),('1013',5725,13,40,43,NULL),('1013',791154,1,40,32.5,NULL),('1013',791154,3,40,41.5,NULL),('1013',791154,4,40,73.5,NULL),('1013',791154,5,40,78.5,NULL),('1013',791154,6,40,79.5,NULL),('1013',791154,13,40,42.5,NULL),('1013',791154,14,40,87.5,NULL),('103',51,3,40,43,NULL),('103',51,4,40,75,NULL),('103',51,5,40,80,NULL),('103',51,6,40,81,NULL),('103',61,3,40,43,NULL),('103',61,4,40,75,NULL),('103',61,5,40,80,NULL),('103',61,6,40,81,NULL),('103',62,3,40,43,NULL),('103',62,4,40,75,NULL),('103',62,5,40,80,NULL),('103',62,6,40,81,NULL),('103',63,3,40,43,NULL),('103',63,4,40,75,NULL),('103',63,5,40,80,NULL),('103',63,6,40,81,NULL),('103',64,3,40,43,NULL),('103',64,4,40,75,NULL),('103',64,5,40,80,NULL),('103',64,6,40,81,NULL),('103',65,3,40,43,NULL),('103',65,4,40,75,NULL),('103',65,5,40,80,NULL),('103',65,6,40,81,NULL),('103',74,3,40,43,NULL),('103',74,4,40,75,NULL),('103',74,5,40,80,NULL),('103',74,6,40,81,NULL),('103',5629,3,40,43.5,NULL),('103',5629,4,40,75.5,NULL),('103',5629,5,40,80.5,NULL),('103',5629,6,40,81.5,NULL),('103',5667,3,40,43,NULL),('103',5667,4,40,75,NULL),('103',5667,5,40,80,NULL),('103',5667,6,40,81,NULL),('103',5724,3,40,43,NULL),('103',5724,4,40,75,NULL),('103',5724,5,40,80,NULL),('103',5724,6,40,81,NULL),('103',5725,3,40,43.5,NULL),('103',5725,4,40,75.5,NULL),('103',5725,5,40,80.5,NULL),('103',5725,6,40,81.5,NULL),('103',791154,3,40,43,NULL),('103',791154,4,40,75,NULL),('103',791154,5,40,80,NULL),('103',791154,6,40,81,NULL),('1048',51,3,40,42,NULL),('1048',51,4,40,74,NULL),('1048',51,5,40,79,NULL),('1048',51,13,40,43,NULL),('1048',61,3,40,42,NULL),('1048',61,4,40,74,NULL),('1048',61,5,40,79,NULL),('1048',61,13,40,43,NULL),('1048',62,3,40,42,NULL),('1048',62,4,40,74,NULL),('1048',62,5,40,79,NULL),('1048',62,13,40,43,NULL),('1048',63,3,40,42,NULL),('1048',63,4,40,74,NULL),('1048',63,5,40,79,NULL),('1048',63,13,40,43,NULL),('1048',64,3,40,42,NULL),('1048',64,4,40,74,NULL),('1048',64,5,40,79,NULL),('1048',64,13,40,43,NULL),('1048',65,3,40,42,NULL),('1048',65,4,40,74,NULL),('1048',65,5,40,79,NULL),('1048',65,13,40,43,NULL),('1048',74,3,40,42,NULL),('1048',74,4,40,74,NULL),('1048',74,5,40,79,NULL),('1048',74,13,40,43,NULL),('1048',5629,3,40,42.5,NULL),('1048',5629,4,40,74.5,NULL),('1048',5629,5,40,79.5,NULL),('1048',5629,13,40,43.5,NULL),('1048',5667,3,40,42,NULL),('1048',5667,4,40,74,NULL),('1048',5667,5,40,79,NULL),('1048',5667,13,40,43,NULL),('1048',5724,3,40,42,NULL),('1048',5724,4,40,74,NULL),('1048',5724,5,40,79,NULL),('1048',5724,13,40,43,NULL),('1048',5725,3,40,42.5,NULL),('1048',5725,4,40,74.5,NULL),('1048',5725,5,40,79.5,NULL),('1048',5725,13,40,43.5,NULL),('1048',791154,3,40,42,NULL),('1048',791154,4,40,74,NULL),('1048',791154,5,40,79,NULL),('1048',791154,13,40,43,NULL),('1101',51,1,40,32.5,NULL),('1101',51,3,40,41.5,NULL),('1101',51,3,41,41.5,NULL),('1101',51,4,40,73.5,NULL),('1101',51,4,41,73.5,NULL),('1101',51,5,40,78.5,NULL),('1101',51,5,41,78.5,NULL),('1101',51,6,40,80,NULL),('1101',51,13,40,43,NULL),('1101',51,13,41,43,NULL),('1101',61,1,40,32.5,NULL),('1101',61,3,40,41.5,NULL),('1101',61,3,41,41.5,NULL),('1101',61,4,40,73.5,NULL),('1101',61,4,41,73.5,NULL),('1101',61,5,40,78.5,NULL),('1101',61,5,41,78.5,NULL),('1101',61,6,40,80,NULL),('1101',61,13,40,43,NULL),('1101',61,13,41,43,NULL),('1101',62,1,40,32.5,NULL),('1101',62,3,40,41.5,NULL),('1101',62,3,41,41.5,NULL),('1101',62,4,40,73.5,NULL),('1101',62,4,41,73.5,NULL),('1101',62,5,40,78.5,NULL),('1101',62,5,41,78.5,NULL),('1101',62,6,40,80,NULL),('1101',62,13,40,43,NULL),('1101',62,13,41,43,NULL),('1101',63,1,40,32.5,NULL),('1101',63,3,40,41.5,NULL),('1101',63,3,41,41.5,NULL),('1101',63,4,40,73.5,NULL),('1101',63,4,41,73.5,NULL),('1101',63,5,40,78.5,NULL),('1101',63,5,41,78.5,NULL),('1101',63,6,40,80,NULL),('1101',63,13,40,43,NULL),('1101',63,13,41,43,NULL),('1101',64,1,40,32.5,NULL),('1101',64,3,40,41.5,NULL),('1101',64,3,41,41.5,NULL),('1101',64,4,40,73.5,NULL),('1101',64,4,41,73.5,NULL),('1101',64,5,40,78.5,NULL),('1101',64,5,41,78.5,NULL),('1101',64,6,40,80,NULL),('1101',64,13,40,43,NULL),('1101',64,13,41,43,NULL),('1101',65,1,40,32.5,NULL),('1101',65,3,40,41.5,NULL),('1101',65,3,41,41.5,NULL),('1101',65,4,40,73.5,NULL),('1101',65,4,41,73.5,NULL),('1101',65,5,40,78.5,NULL),('1101',65,5,41,78.5,NULL),('1101',65,6,40,80,NULL),('1101',65,13,40,43,NULL),('1101',65,13,41,43,NULL),('1101',74,1,40,32.5,NULL),('1101',74,3,40,41.5,NULL),('1101',74,3,41,41.5,NULL),('1101',74,4,40,73.5,NULL),('1101',74,4,41,73.5,NULL),('1101',74,5,40,78.5,NULL),('1101',74,5,41,78.5,NULL),('1101',74,6,40,80,NULL),('1101',74,13,40,43,NULL),('1101',74,13,41,43,NULL),('1101',5617,1,40,32.5,NULL),('1101',5617,3,40,41.5,NULL),('1101',5617,3,41,41.5,NULL),('1101',5617,4,40,73.5,NULL),('1101',5617,4,41,73.5,NULL),('1101',5617,5,40,78.5,NULL),('1101',5617,5,41,78.5,NULL),('1101',5617,6,40,80,NULL),('1101',5617,13,40,43,NULL),('1101',5617,13,41,43,NULL),('1101',5629,1,40,33,NULL),('1101',5629,3,40,42,NULL),('1101',5629,3,41,42,NULL),('1101',5629,4,40,74,NULL),('1101',5629,4,41,74,NULL),('1101',5629,5,40,79,NULL),('1101',5629,5,41,79,NULL),('1101',5629,6,40,80.5,NULL),('1101',5629,13,40,43.5,NULL),('1101',5629,13,41,43.5,NULL),('1101',5667,1,40,32.5,NULL),('1101',5667,3,40,41.5,NULL),('1101',5667,4,40,73.5,NULL),('1101',5667,5,40,78.5,NULL),('1101',5667,6,40,80,NULL),('1101',5667,13,40,43,NULL),('1101',5724,1,40,32.5,NULL),('1101',5724,3,40,41.5,NULL),('1101',5724,4,40,73.5,NULL),('1101',5724,5,40,78.5,NULL),('1101',5724,6,40,80,NULL),('1101',5724,13,40,43,NULL),('1101',5725,1,40,33,NULL),('1101',5725,3,40,42,NULL),('1101',5725,4,40,74,NULL),('1101',5725,5,40,79,NULL),('1101',5725,6,40,80.5,NULL),('1101',5725,13,40,43.5,NULL),('1101',791154,1,40,32.5,NULL),('1101',791154,3,40,41.5,NULL),('1101',791154,4,40,73.5,NULL),('1101',791154,5,40,78.5,NULL),('1101',791154,6,40,80,NULL),('1101',791154,13,40,43,NULL),('117',51,1,40,32.5,34),('117',51,3,40,41.5,43),('117',51,4,40,73.5,75),('117',51,5,40,78.5,80),('117',51,6,40,80,82),('117',51,13,40,43,45),('117',61,1,40,32.5,34),('117',61,3,40,41.5,43),('117',61,4,40,73.5,75),('117',61,5,40,78.5,80),('117',61,6,40,80,82),('117',61,13,40,43,45),('117',62,1,40,32.5,34),('117',62,3,40,41.5,43),('117',62,4,40,73.5,75),('117',62,5,40,78.5,80),('117',62,6,40,80,82),('117',62,13,40,43,45),('117',63,1,40,32.5,34),('117',63,3,40,41.5,43),('117',63,4,40,73.5,75),('117',63,5,40,78.5,80),('117',63,6,40,80,82),('117',63,13,40,43,45),('117',64,1,40,32.5,34),('117',64,3,40,41.5,43),('117',64,4,40,73.5,75),('117',64,5,40,78.5,80),('117',64,6,40,80,82),('117',64,13,40,43,45),('117',65,1,40,32.5,34),('117',65,3,40,41.5,43),('117',65,4,40,73.5,75),('117',65,5,40,78.5,80),('117',65,6,40,80,82),('117',65,13,40,43,45),('117',74,1,40,32.5,34),('117',74,3,40,41.5,43),('117',74,4,40,73.5,75),('117',74,5,40,78.5,80),('117',74,6,40,80,82),('117',74,13,40,43,45),('117',5617,1,40,32.5,34),('117',5617,3,40,41.5,43),('117',5617,4,40,73.5,75),('117',5617,5,40,78.5,80),('117',5617,6,40,80,82),('117',5617,13,40,43,45),('117',5629,1,40,33,34.5),('117',5629,3,40,42,43.5),('117',5629,4,40,74,75.5),('117',5629,5,40,79,80.5),('117',5629,6,40,80.5,82.5),('117',5629,13,40,43.5,45.5),('117',5667,1,40,32.5,34),('117',5667,3,40,41.5,43),('117',5667,4,40,73.5,75),('117',5667,5,40,78.5,80),('117',5667,6,40,80,82),('117',5667,13,40,43,45),('117',5724,1,40,32.5,34),('117',5724,3,40,41.5,43),('117',5724,4,40,73.5,75),('117',5724,5,40,78.5,80),('117',5724,6,40,80,82),('117',5724,13,40,43,45),('117',5725,1,40,33,34.5),('117',5725,3,40,42,43.5),('117',5725,4,40,74,75.5),('117',5725,5,40,79,80.5),('117',5725,6,40,80.5,82.5),('117',5725,13,40,43.5,45.5),('117',791154,1,40,32.5,34),('117',791154,3,40,41.5,43),('117',791154,4,40,73.5,75),('117',791154,5,40,78.5,80),('117',791154,6,40,80,82),('117',791154,13,40,43,45),('119',51,1,40,33,NULL),('119',51,3,40,42,NULL),('119',51,4,40,74,NULL),('119',51,13,40,43,NULL),('119',61,1,40,33,NULL),('119',61,3,40,42,NULL),('119',61,4,40,74,NULL),('119',61,13,40,43,NULL),('119',62,1,40,33,NULL),('119',62,3,40,42,NULL),('119',62,4,40,74,NULL),('119',62,13,40,43,NULL),('119',63,1,40,33,NULL),('119',63,3,40,42,NULL),('119',63,4,40,74,NULL),('119',63,13,40,43,NULL),('119',64,1,40,33,NULL),('119',64,3,40,42,NULL),('119',64,4,40,74,NULL),('119',64,13,40,43,NULL),('119',65,1,40,33,NULL),('119',65,3,40,42,NULL),('119',65,4,40,74,NULL),('119',65,13,40,43,NULL),('119',74,1,40,33,NULL),('119',74,3,40,42,NULL),('119',74,4,40,74,NULL),('119',74,13,40,43,NULL),('119',5617,1,40,33,NULL),('119',5617,3,40,42,NULL),('119',5617,4,40,74,NULL),('119',5617,13,40,43,NULL),('119',5629,1,40,33.5,NULL),('119',5629,3,40,42.5,NULL),('119',5629,4,40,74.5,NULL),('119',5629,13,40,43.5,NULL),('119',5667,1,40,33,NULL),('119',5667,3,40,42,NULL),('119',5667,4,40,74,NULL),('119',5667,13,40,43,NULL),('119',5724,1,40,33,NULL),('119',5724,3,40,42,NULL),('119',5724,4,40,74,NULL),('119',5724,13,40,43,NULL),('119',5725,1,40,33.5,NULL),('119',5725,3,40,42.5,NULL),('119',5725,4,40,74.5,NULL),('119',5725,13,40,43.5,NULL),('119',791154,1,40,33,NULL),('119',791154,3,40,42,NULL),('119',791154,4,40,74,NULL),('119',791154,13,40,43,NULL),('1246',51,1,40,32.5,34),('1246',51,1,41,32.5,35.5),('1246',51,3,40,41.5,43),('1246',51,3,41,41.5,44.5),('1246',51,4,40,73.5,75),('1246',51,4,41,73.5,75.5),('1246',51,5,40,78.5,80),('1246',51,5,41,78.5,81.5),('1246',51,6,40,79.5,82),('1246',51,6,41,80.2,83.5),('1246',51,13,40,42.5,45),('1246',51,13,41,43.07,46.5),('1246',61,1,40,32.5,34),('1246',61,1,41,32.5,35.5),('1246',61,3,40,41.5,43),('1246',61,3,41,41.5,44.5),('1246',61,4,40,73.5,75),('1246',61,4,41,73.5,75.5),('1246',61,5,40,78.5,80),('1246',61,5,41,78.5,81.5),('1246',61,6,40,79.5,82),('1246',61,6,41,80.2,83.5),('1246',61,13,40,42.5,45),('1246',61,13,41,43.07,46.5),('1246',62,1,40,32.5,34),('1246',62,1,41,32.5,35.5),('1246',62,3,40,41.5,43),('1246',62,3,41,41.5,44.5),('1246',62,4,40,73.5,75),('1246',62,4,41,73.5,75.5),('1246',62,5,40,78.5,80),('1246',62,5,41,78.5,81.5),('1246',62,6,40,79.5,82),('1246',62,6,41,80.2,83.5),('1246',62,13,40,42.5,45),('1246',62,13,41,43.07,46.5),('1246',63,1,40,32.5,34),('1246',63,1,41,32.5,35.5),('1246',63,3,40,41.5,43),('1246',63,3,41,41.5,44.5),('1246',63,4,40,73.5,75),('1246',63,4,41,73.5,75.5),('1246',63,5,40,78.5,80),('1246',63,5,41,78.5,81.5),('1246',63,6,40,79.5,82),('1246',63,6,41,80.2,83.5),('1246',63,13,40,42.5,45),('1246',63,13,41,43.07,46.5),('1246',64,1,40,32.5,34),('1246',64,1,41,32.5,35.5),('1246',64,3,40,41.5,43),('1246',64,3,41,41.5,44.5),('1246',64,4,40,73.5,75),('1246',64,4,41,73.5,75.5),('1246',64,5,40,78.5,80),('1246',64,5,41,78.5,81.5),('1246',64,6,40,79.5,82),('1246',64,6,41,80.2,83.5),('1246',64,13,40,42.5,45),('1246',64,13,41,43.07,46.5),('1246',65,1,40,32.5,34),('1246',65,1,41,32.5,35.5),('1246',65,3,40,41.5,43),('1246',65,3,41,41.5,44.5),('1246',65,4,40,73.5,75),('1246',65,4,41,73.5,75.5),('1246',65,5,40,78.5,80),('1246',65,5,41,78.5,81.5),('1246',65,6,40,79.5,82),('1246',65,6,41,80.2,83.5),('1246',65,13,40,42.5,45),('1246',65,13,41,43.07,46.5),('1246',74,1,40,32.5,34),('1246',74,1,41,32.5,35.5),('1246',74,3,40,41.5,43),('1246',74,3,41,41.5,44.5),('1246',74,4,40,73.5,75),('1246',74,4,41,73.5,75.5),('1246',74,5,40,78.5,80),('1246',74,5,41,78.5,81.5),('1246',74,6,40,79.5,82),('1246',74,6,41,80.2,83.5),('1246',74,13,40,42.5,45),('1246',74,13,41,43.07,46.5),('1246',5617,1,40,32.5,35.5),('1246',5617,1,41,32.5,35.5),('1246',5617,3,40,41.5,44.5),('1246',5617,3,41,41.5,44.5),('1246',5617,4,40,73.5,75.5),('1246',5617,4,41,73.5,75.5),('1246',5617,5,40,78.5,81.5),('1246',5617,5,41,78.5,81.5),('1246',5617,6,40,79.5,83.5),('1246',5617,6,41,80.2,83.5),('1246',5617,13,40,42.5,46.5),('1246',5617,13,41,43.07,46.5),('1246',5629,1,40,33,34.5),('1246',5629,1,41,33,35.5),('1246',5629,3,40,42,43.5),('1246',5629,3,41,42,44.5),('1246',5629,4,40,74,75.5),('1246',5629,4,41,74,75.5),('1246',5629,5,40,79,80.5),('1246',5629,5,41,79,81.5),('1246',5629,6,40,80,82.5),('1246',5629,6,41,80.2,83.5),('1246',5629,13,40,43,45.5),('1246',5629,13,41,43.07,46.5),('1246',5667,1,40,32.5,34),('1246',5667,3,40,41.5,43),('1246',5667,4,40,73.5,75),('1246',5667,5,40,78.5,80),('1246',5667,6,40,79.5,82),('1246',5667,13,40,42.5,45),('1246',5724,1,40,32.5,34),('1246',5724,3,40,41.5,43),('1246',5724,4,40,73.5,75),('1246',5724,5,40,78.5,80),('1246',5724,6,40,79.5,81),('1246',5724,13,40,42.5,44),('1246',5725,1,40,33,34.5),('1246',5725,3,40,42,43.5),('1246',5725,4,40,74,75.5),('1246',5725,5,40,79,80.5),('1246',5725,6,40,80,82.5),('1246',5725,13,40,43,45.5),('1246',791154,1,40,32.5,34),('1246',791154,3,40,41.5,43),('1246',791154,4,40,73.5,75),('1246',791154,5,40,78.5,80),('1246',791154,6,40,79.5,82),('1246',791154,13,40,42.5,45),('1263',51,1,40,33,NULL),('1263',51,3,40,42,NULL),('1263',51,4,40,74,NULL),('1263',51,13,40,43,NULL),('1263',61,1,40,33,NULL),('1263',61,3,40,42,NULL),('1263',61,4,40,74,NULL),('1263',61,13,40,43,NULL),('1263',62,1,40,33,NULL),('1263',62,3,40,42,NULL),('1263',62,4,40,74,NULL),('1263',62,13,40,43,NULL),('1263',63,1,40,33,NULL),('1263',63,3,40,42,NULL),('1263',63,4,40,74,NULL),('1263',63,13,40,43,NULL),('1263',64,1,40,33,NULL),('1263',64,3,40,42,NULL),('1263',64,4,40,74,NULL),('1263',64,13,40,43,NULL),('1263',65,1,40,33,NULL),('1263',65,3,40,42,NULL),('1263',65,4,40,74,NULL),('1263',65,13,40,43,NULL),('1263',74,1,40,33,NULL),('1263',74,3,40,42,NULL),('1263',74,4,40,74,NULL),('1263',74,13,40,43,NULL),('1263',5617,1,40,33,NULL),('1263',5617,3,40,42,NULL),('1263',5617,4,40,74,NULL),('1263',5617,13,40,43,NULL),('1263',5629,1,40,33.5,NULL),('1263',5629,3,40,42.5,NULL),('1263',5629,4,40,74.5,NULL),('1263',5629,13,40,43.5,NULL),('1263',5667,1,40,33,NULL),('1263',5667,3,40,42,NULL),('1263',5667,4,40,74,NULL),('1263',5667,13,40,43,NULL),('1263',5724,1,40,33,NULL),('1263',5724,3,40,42,NULL),('1263',5724,4,40,74,NULL),('1263',5724,13,40,43,NULL),('1263',5725,1,40,33.5,NULL),('1263',5725,3,40,42.5,NULL),('1263',5725,4,40,74.5,NULL),('1263',5725,13,40,43.5,NULL),('1263',791154,1,40,33,NULL),('1263',791154,3,40,42,NULL),('1263',791154,4,40,74,NULL),('1263',791154,13,40,43,NULL),('1304',51,1,40,32.5,NULL),('1304',51,3,40,41.5,NULL),('1304',51,3,41,41.5,NULL),('1304',51,4,40,73.5,NULL),('1304',51,4,41,73.5,NULL),('1304',51,5,40,78.5,NULL),('1304',51,6,40,80,NULL),('1304',51,13,40,43,NULL),('1304',61,1,40,32.5,NULL),('1304',61,3,40,41.5,NULL),('1304',61,3,41,41.5,NULL),('1304',61,4,40,73.5,NULL),('1304',61,4,41,73.5,NULL),('1304',61,5,40,78.5,NULL),('1304',61,6,40,80,NULL),('1304',61,13,40,43,NULL),('1304',62,1,40,32.5,NULL),('1304',62,3,40,41.5,NULL),('1304',62,3,41,41.5,NULL),('1304',62,4,40,73.5,NULL),('1304',62,4,41,73.5,NULL),('1304',62,5,40,78.5,NULL),('1304',62,6,40,80,NULL),('1304',62,13,40,43,NULL),('1304',63,1,40,32.5,NULL),('1304',63,3,40,41.5,NULL),('1304',63,3,41,41.5,NULL),('1304',63,4,40,73.5,NULL),('1304',63,4,41,73.5,NULL),('1304',63,5,40,78.5,NULL),('1304',63,6,40,80,NULL),('1304',63,13,40,43,NULL),('1304',64,1,40,32.5,NULL),('1304',64,3,40,41.5,NULL),('1304',64,3,41,41.5,NULL),('1304',64,4,40,73.5,NULL),('1304',64,4,41,73.5,NULL),('1304',64,5,40,78.5,NULL),('1304',64,6,40,80,NULL),('1304',64,13,40,43,NULL),('1304',65,1,40,32.5,NULL),('1304',65,3,40,41.5,NULL),('1304',65,3,41,41.5,NULL),('1304',65,4,40,73.5,NULL),('1304',65,4,41,73.5,NULL),('1304',65,5,40,78.5,NULL),('1304',65,6,40,80,NULL),('1304',65,13,40,43,NULL),('1304',74,1,40,32.5,NULL),('1304',74,3,40,41.5,NULL),('1304',74,3,41,41.5,NULL),('1304',74,4,40,73.5,NULL),('1304',74,4,41,73.5,NULL),('1304',74,5,40,78.5,NULL),('1304',74,6,40,80,NULL),('1304',74,13,40,43,NULL),('1304',5617,1,40,32.5,NULL),('1304',5617,3,40,41.5,NULL),('1304',5617,3,41,41.5,NULL),('1304',5617,4,40,73.5,NULL),('1304',5617,4,41,73.5,NULL),('1304',5617,5,40,78.5,NULL),('1304',5617,6,40,80,NULL),('1304',5617,13,40,43,NULL),('1304',5629,1,40,33,NULL),('1304',5629,3,40,42,NULL),('1304',5629,3,41,42,NULL),('1304',5629,4,40,74,NULL),('1304',5629,4,41,74,NULL),('1304',5629,5,40,79,NULL),('1304',5629,6,40,80.5,NULL),('1304',5629,13,40,43.5,NULL),('1304',5667,1,40,32.5,NULL),('1304',5667,3,40,41.5,NULL),('1304',5667,4,40,73.5,NULL),('1304',5667,5,40,78.5,NULL),('1304',5667,6,40,80,NULL),('1304',5667,13,40,43,NULL),('1304',5724,1,40,32.5,NULL),('1304',5724,3,40,41.5,NULL),('1304',5724,4,40,73.5,NULL),('1304',5724,5,40,78.5,NULL),('1304',5724,6,40,80,NULL),('1304',5724,13,40,43,NULL),('1304',5725,1,40,33,NULL),('1304',5725,3,40,42,NULL),('1304',5725,4,40,74,NULL),('1304',5725,5,40,79,NULL),('1304',5725,6,40,80.5,NULL),('1304',5725,13,40,43.5,NULL),('1304',791154,1,40,32.5,NULL),('1304',791154,3,40,41.5,NULL),('1304',791154,4,40,73.5,NULL),('1304',791154,5,40,78.5,NULL),('1304',791154,6,40,80,NULL),('1304',791154,13,40,43,NULL),('1329',51,1,40,33,NULL),('1329',51,3,40,42,NULL),('1329',51,4,40,74,NULL),('1329',51,6,40,80,NULL),('1329',51,13,40,43,NULL),('1329',61,1,40,33,NULL),('1329',61,3,40,42,NULL),('1329',61,4,40,74,NULL),('1329',61,6,40,80,NULL),('1329',61,13,40,43,NULL),('1329',62,1,40,33,NULL),('1329',62,3,40,42,NULL),('1329',62,4,40,74,NULL),('1329',62,6,40,80,NULL),('1329',62,13,40,43,NULL),('1329',63,1,40,33,NULL),('1329',63,3,40,42,NULL),('1329',63,4,40,74,NULL),('1329',63,6,40,80,NULL),('1329',63,13,40,43,NULL),('1329',64,1,40,33,NULL),('1329',64,3,40,42,NULL),('1329',64,4,40,74,NULL),('1329',64,6,40,80,NULL),('1329',64,13,40,43,NULL),('1329',65,1,40,33,NULL),('1329',65,3,40,42,NULL),('1329',65,4,40,74,NULL),('1329',65,6,40,80,NULL),('1329',65,13,40,43,NULL),('1329',74,1,40,33,NULL),('1329',74,3,40,42,NULL),('1329',74,4,40,74,NULL),('1329',74,6,40,80,NULL),('1329',74,13,40,43,NULL),('1329',5617,1,40,33,NULL),('1329',5617,4,40,74,NULL),('1329',5617,6,40,80,NULL),('1329',5617,13,40,43,NULL),('1329',5629,1,40,33.5,NULL),('1329',5629,3,40,42.5,NULL),('1329',5629,4,40,74.5,NULL),('1329',5629,6,40,80.5,NULL),('1329',5629,13,40,43.5,NULL),('1329',5667,1,40,33,NULL),('1329',5667,3,40,42,NULL),('1329',5667,4,40,74,NULL),('1329',5667,6,40,80,NULL),('1329',5667,13,40,43,NULL),('1329',5724,1,40,33,NULL),('1329',5724,3,40,42.5,NULL),('1329',5724,4,40,74,NULL),('1329',5724,6,40,80,NULL),('1329',5724,13,40,43,NULL),('1329',5725,1,40,33.5,NULL),('1329',5725,3,40,42.5,NULL),('1329',5725,4,40,74.5,NULL),('1329',5725,6,40,80.5,NULL),('1329',5725,13,40,43.5,NULL),('1329',791154,1,40,33,NULL),('1329',791154,3,40,42,NULL),('1329',791154,4,40,74,NULL),('1329',791154,6,40,80,NULL),('1329',791154,13,40,43,NULL),('1362',51,3,40,42.5,NULL),('1362',51,5,40,79.5,NULL),('1362',61,3,40,42.5,NULL),('1362',61,5,40,79.5,NULL),('1362',62,3,40,42.5,NULL),('1362',62,5,40,79.5,NULL),('1362',63,3,40,42.5,NULL),('1362',63,5,40,79.5,NULL),('1362',64,3,40,42.5,NULL),('1362',64,5,40,79.5,NULL),('1362',65,3,40,42.5,NULL),('1362',65,5,40,79.5,NULL),('1362',74,3,40,42.5,NULL),('1362',74,5,40,79.5,NULL),('1362',5629,3,40,43,NULL),('1362',5629,5,40,80,NULL),('1362',5667,3,40,42.5,NULL),('1362',5667,5,40,79.5,NULL),('1362',5724,3,40,42.5,NULL),('1362',5724,5,40,79.5,NULL),('1362',5725,3,40,43,NULL),('1362',5725,5,40,80,NULL),('1362',791154,3,40,42.5,NULL),('1362',791154,5,40,79.5,NULL),('168',51,1,40,32.5,NULL),('168',51,3,40,41.5,NULL),('168',51,4,40,73.5,NULL),('168',51,6,40,80,NULL),('168',51,13,40,43,NULL),('168',61,1,40,32.5,NULL),('168',61,3,40,41.5,NULL),('168',61,4,40,73.5,NULL),('168',61,6,40,80,NULL),('168',61,13,40,43,NULL),('168',62,1,40,32.5,NULL),('168',62,3,40,41.5,NULL),('168',62,4,40,73.5,NULL),('168',62,6,40,80,NULL),('168',62,13,40,43,NULL),('168',63,1,40,32.5,NULL),('168',63,3,40,41.5,NULL),('168',63,4,40,73.5,NULL),('168',63,6,40,80,NULL),('168',63,13,40,43,NULL),('168',64,1,40,32.5,NULL),('168',64,3,40,41.5,NULL),('168',64,4,40,73.5,NULL),('168',64,6,40,80,NULL),('168',64,13,40,43,NULL),('168',65,1,40,32.5,NULL),('168',65,3,40,41.5,NULL),('168',65,4,40,73.5,NULL),('168',65,6,40,80,NULL),('168',65,13,40,43,NULL),('168',74,1,40,32.5,NULL),('168',74,3,40,41.5,NULL),('168',74,4,40,73.5,NULL),('168',74,6,40,80,NULL),('168',74,13,40,43,NULL),('168',5617,1,40,32.5,NULL),('168',5617,3,40,41.5,NULL),('168',5617,4,40,73.5,NULL),('168',5617,6,40,80,NULL),('168',5617,13,40,43,NULL),('168',5629,1,40,33,NULL),('168',5629,3,40,42,NULL),('168',5629,4,40,74,NULL),('168',5629,6,40,80.5,NULL),('168',5629,13,40,43.5,NULL),('168',5667,1,40,32.5,NULL),('168',5667,3,40,41.5,NULL),('168',5667,4,40,73.5,NULL),('168',5667,6,40,80,NULL),('168',5667,13,40,43,NULL),('168',5724,1,40,32.5,NULL),('168',5724,3,40,41.5,NULL),('168',5724,4,40,73.5,NULL),('168',5724,6,40,80,NULL),('168',5724,13,40,43,NULL),('168',5725,1,40,33,NULL),('168',5725,3,40,42,NULL),('168',5725,4,40,74,NULL),('168',5725,6,40,80.5,NULL),('168',5725,13,40,43.5,NULL),('168',791154,1,40,32.5,NULL),('168',791154,3,40,41.5,NULL),('168',791154,4,40,73.5,NULL),('168',791154,6,40,80,NULL),('168',791154,13,40,43,NULL),('249',51,1,40,35.5,NULL),('249',51,3,40,44.5,NULL),('249',51,4,40,76.5,NULL),('249',51,5,40,81.5,NULL),('249',51,6,40,83,NULL),('249',51,13,40,46.5,NULL),('249',61,1,40,35.5,NULL),('249',61,3,40,44.5,NULL),('249',61,4,40,76.5,NULL),('249',61,5,40,81.5,NULL),('249',61,6,40,83,NULL),('249',61,13,40,46.5,NULL),('249',62,1,40,35.5,NULL),('249',62,3,40,44.5,NULL),('249',62,4,40,76.5,NULL),('249',62,5,40,81.5,NULL),('249',62,6,40,83,NULL),('249',62,13,40,46.5,NULL),('249',63,1,40,35.5,NULL),('249',63,3,40,44.5,NULL),('249',63,4,40,76.5,NULL),('249',63,5,40,81.5,NULL),('249',63,6,40,83,NULL),('249',63,13,40,46.5,NULL),('249',64,1,40,35.5,NULL),('249',64,3,40,44.5,NULL),('249',64,4,40,76.5,NULL),('249',64,5,40,81.5,NULL),('249',64,6,40,83,NULL),('249',64,13,40,46.5,NULL),('249',65,1,40,35.5,NULL),('249',65,3,40,44.5,NULL),('249',65,4,40,76.5,NULL),('249',65,5,40,81.5,NULL),('249',65,6,40,83,NULL),('249',65,13,40,46.5,NULL),('249',74,1,40,35.5,NULL),('249',74,3,40,44.5,NULL),('249',74,4,40,76.5,NULL),('249',74,5,40,81.5,NULL),('249',74,6,40,83,NULL),('249',74,13,40,46.5,NULL),('249',5617,1,40,35.5,NULL),('249',5617,3,40,44.5,NULL),('249',5617,4,40,76.5,NULL),('249',5617,5,40,81.5,NULL),('249',5617,6,40,83,NULL),('249',5617,13,40,46.5,NULL),('249',5629,1,40,35.5,NULL),('249',5629,3,40,44.5,NULL),('249',5629,4,40,76.5,NULL),('249',5629,5,40,81.5,NULL),('249',5629,6,40,83,NULL),('249',5629,13,40,46.5,NULL),('249',5667,1,40,34.5,NULL),('249',5667,3,40,43.5,NULL),('249',5667,4,40,75.5,NULL),('249',5667,5,40,81.5,NULL),('249',5667,6,40,82.5,NULL),('249',5667,13,40,43.5,NULL),('249',791154,1,40,35.5,NULL),('249',791154,3,40,44.5,NULL),('249',791154,4,40,76.5,NULL),('249',791154,5,40,81.5,NULL),('249',791154,6,40,83,NULL),('249',791154,13,40,46.5,NULL),('255',51,1,40,33,NULL),('255',51,3,40,42,NULL),('255',51,4,40,74,NULL),('255',51,6,40,80,NULL),('255',51,13,40,43,NULL),('255',61,1,40,33,NULL),('255',61,3,40,42,NULL),('255',61,4,40,74,NULL),('255',61,6,40,80,NULL),('255',61,13,40,43,NULL),('255',62,1,40,33,NULL),('255',62,3,40,42,NULL),('255',62,4,40,74,NULL),('255',62,6,40,80,NULL),('255',62,13,40,43,NULL),('255',63,1,40,33,NULL),('255',63,3,40,42,NULL),('255',63,4,40,74,NULL),('255',63,6,40,80,NULL),('255',63,13,40,43,NULL),('255',64,1,40,33,NULL),('255',64,3,40,42,NULL),('255',64,4,40,74,NULL),('255',64,6,40,80,NULL),('255',64,13,40,43,NULL),('255',65,1,40,33,NULL),('255',65,3,40,42,NULL),('255',65,4,40,74,NULL),('255',65,6,40,80,NULL),('255',65,13,40,43,NULL),('255',74,1,40,33,NULL),('255',74,3,40,42,NULL),('255',74,4,40,74,NULL),('255',74,6,40,80,NULL),('255',74,13,40,43,NULL),('255',5617,1,40,33,NULL),('255',5617,3,40,42,NULL),('255',5617,4,40,74,NULL),('255',5617,6,40,80,NULL),('255',5617,13,40,43,NULL),('255',5629,1,40,33.5,NULL),('255',5629,3,40,42.5,NULL),('255',5629,4,40,74.5,NULL),('255',5629,6,40,80.5,NULL),('255',5629,13,40,43.5,NULL),('255',5667,1,40,33,NULL),('255',5667,3,40,42,NULL),('255',5667,4,40,74,NULL),('255',5667,6,40,80,NULL),('255',5667,13,40,43,NULL),('255',5724,1,40,33,NULL),('255',5724,3,40,42,NULL),('255',5724,4,40,74,NULL),('255',5724,6,40,80,NULL),('255',5724,13,40,43,NULL),('255',5725,1,40,33.5,NULL),('255',5725,3,40,42.5,NULL),('255',5725,4,40,74.5,NULL),('255',5725,6,40,80.5,NULL),('255',5725,13,40,43.5,NULL),('255',791154,1,40,33,NULL),('255',791154,3,40,42,NULL),('255',791154,4,40,74,NULL),('255',791154,6,40,80,NULL),('255',791154,13,40,43,NULL),('32',51,1,40,33,NULL),('32',51,3,40,42,NULL),('32',51,4,40,74,NULL),('32',51,5,40,79,NULL),('32',51,13,40,43,NULL),('32',61,1,40,33,NULL),('32',61,3,40,42,NULL),('32',61,4,40,74,NULL),('32',61,5,40,79,NULL),('32',61,13,40,43,NULL),('32',62,1,40,33,NULL),('32',62,3,40,42,NULL),('32',62,4,40,74,NULL),('32',62,5,40,79,NULL),('32',62,13,40,43,NULL),('32',63,1,40,33,NULL),('32',63,3,40,42,NULL),('32',63,4,40,74,NULL),('32',63,5,40,79,NULL),('32',63,13,40,43,NULL),('32',64,1,40,33,NULL),('32',64,3,40,42,NULL),('32',64,4,40,74,NULL),('32',64,5,40,79,NULL),('32',64,13,40,43,NULL),('32',65,1,40,33,NULL),('32',65,3,40,42,NULL),('32',65,4,40,74,NULL),('32',65,5,40,79,NULL),('32',65,13,40,43,NULL),('32',74,1,40,33,NULL),('32',74,3,40,42,NULL),('32',74,4,40,74,NULL),('32',74,5,40,79,NULL),('32',74,13,40,43,NULL),('32',5629,1,40,33.5,NULL),('32',5629,3,40,42.5,NULL),('32',5629,4,40,74.5,NULL),('32',5629,5,40,79.5,NULL),('32',5629,13,40,43.5,NULL),('32',5667,1,40,33,NULL),('32',5667,3,40,42,NULL),('32',5667,4,40,74,NULL),('32',5667,5,40,79,NULL),('32',5667,13,40,43,NULL),('32',5724,1,40,33,NULL),('32',5724,3,40,42,NULL),('32',5724,4,40,74,NULL),('32',5724,5,40,79,NULL),('32',5724,13,40,43,NULL),('32',5725,1,40,33.5,NULL),('32',5725,3,40,42.5,NULL),('32',5725,4,40,74.5,NULL),('32',5725,5,40,79.5,NULL),('32',5725,13,40,43.5,NULL),('32',791154,1,40,33,NULL),('32',791154,3,40,42,NULL),('32',791154,4,40,74,NULL),('32',791154,5,40,79,NULL),('32',791154,13,40,43,NULL),('490',51,3,40,42,NULL),('490',51,4,40,74,NULL),('490',61,3,40,42,NULL),('490',61,4,40,74,NULL),('490',62,3,40,42,NULL),('490',62,4,40,74,NULL),('490',63,3,40,42,NULL),('490',63,4,40,74,NULL),('490',64,3,40,42,NULL),('490',64,4,40,74,NULL),('490',65,3,40,42,NULL),('490',65,4,40,74,NULL),('490',74,3,40,42,NULL),('490',74,4,40,74,NULL),('490',5629,3,40,42.5,NULL),('490',5629,4,40,74.5,NULL),('490',5667,3,40,42,NULL),('490',5667,4,40,74,NULL),('490',5724,3,40,42,NULL),('490',5724,4,40,74,NULL),('490',5725,3,40,42.5,NULL),('490',5725,4,40,74.5,NULL),('490',791154,3,40,42,NULL),('490',791154,4,40,74,NULL),('54',51,1,40,32.5,NULL),('54',51,3,40,41.5,NULL),('54',51,4,40,73.5,NULL),('54',51,6,40,80,NULL),('54',51,13,40,43,NULL),('54',61,1,40,32.5,NULL),('54',61,3,40,41.5,NULL),('54',61,4,40,73.5,NULL),('54',61,6,40,80,NULL),('54',61,13,40,43,NULL),('54',62,1,40,32.5,NULL),('54',62,3,40,41.5,NULL),('54',62,4,40,73.5,NULL),('54',62,6,40,80,NULL),('54',62,13,40,43,NULL),('54',63,1,40,32.5,NULL),('54',63,3,40,41.5,NULL),('54',63,4,40,73.5,NULL),('54',63,6,40,80,NULL),('54',63,13,40,43,NULL),('54',64,1,40,32.5,NULL),('54',64,3,40,41.5,NULL),('54',64,4,40,73.5,NULL),('54',64,6,40,80,NULL),('54',64,13,40,43,NULL),('54',65,1,40,32.5,NULL),('54',65,3,40,41.5,NULL),('54',65,4,40,73.5,NULL),('54',65,6,40,80,NULL),('54',65,13,40,43,NULL),('54',74,1,40,32.5,NULL),('54',74,3,40,41.5,NULL),('54',74,4,40,73.5,NULL),('54',74,6,40,80,NULL),('54',74,13,40,43,NULL),('54',5617,1,40,32.5,NULL),('54',5617,3,40,41.5,NULL),('54',5617,4,40,73.5,NULL),('54',5617,6,40,80,NULL),('54',5617,13,40,43,NULL),('54',5629,1,40,33,NULL),('54',5629,3,40,42,NULL),('54',5629,4,40,74,NULL),('54',5629,6,40,80.5,NULL),('54',5629,13,40,43.5,NULL),('54',5667,1,40,32.5,NULL),('54',5667,3,40,41.5,NULL),('54',5667,4,40,73.5,NULL),('54',5667,6,40,80,NULL),('54',5667,13,40,43,NULL),('54',5724,1,40,32.5,NULL),('54',5724,3,40,41.5,NULL),('54',5724,4,40,73.5,NULL),('54',5724,6,40,80,NULL),('54',5724,13,40,43,NULL),('54',5725,1,40,33,NULL),('54',5725,3,40,42,NULL),('54',5725,4,40,74,NULL),('54',5725,6,40,80.5,NULL),('54',5725,13,40,43.5,NULL),('54',791154,1,40,32.5,NULL),('54',791154,3,40,41.5,NULL),('54',791154,4,40,73.5,NULL),('54',791154,6,40,80,NULL),('54',791154,13,40,43,NULL),('609',51,1,40,33,NULL),('609',51,3,40,42,NULL),('609',51,4,40,74,NULL),('609',51,5,40,79,NULL),('609',51,6,40,80,NULL),('609',51,13,40,43,NULL),('609',61,1,40,33,NULL),('609',61,3,40,42,NULL),('609',61,4,40,74,NULL),('609',61,5,40,79,NULL),('609',61,6,40,80,NULL),('609',61,13,40,43,NULL),('609',62,1,40,33,NULL),('609',62,3,40,42,NULL),('609',62,4,40,74,NULL),('609',62,5,40,79,NULL),('609',62,6,40,80,NULL),('609',62,13,40,43,NULL),('609',63,1,40,33,NULL),('609',63,3,40,42,NULL),('609',63,4,40,74,NULL),('609',63,5,40,79,NULL),('609',63,6,40,80,NULL),('609',63,13,40,43,NULL),('609',64,1,40,33,NULL),('609',64,3,40,42,NULL),('609',64,4,40,74,NULL),('609',64,5,40,79,NULL),('609',64,6,40,80,NULL),('609',64,13,40,43,NULL),('609',65,1,40,33,NULL),('609',65,3,40,42,NULL),('609',65,4,40,74,NULL),('609',65,5,40,79,NULL),('609',65,6,40,80,NULL),('609',65,13,40,43,NULL),('609',74,1,40,33,NULL),('609',74,3,40,42,NULL),('609',74,4,40,74,NULL),('609',74,5,40,79,NULL),('609',74,6,40,80,NULL),('609',74,13,40,43,NULL),('609',5617,1,40,33,NULL),('609',5617,3,40,42,NULL),('609',5617,4,40,74,NULL),('609',5617,5,40,79,NULL),('609',5629,1,40,33.5,NULL),('609',5629,3,40,42.5,NULL),('609',5629,4,40,74.5,NULL),('609',5629,5,40,79.5,NULL),('609',5629,6,40,80.5,NULL),('609',5629,13,40,43.5,NULL),('609',5667,1,40,33,NULL),('609',5667,3,40,42,NULL),('609',5667,4,40,74,NULL),('609',5667,5,40,79,NULL),('609',5667,6,40,80,NULL),('609',5667,13,40,43,NULL),('609',5724,1,40,33,NULL),('609',5724,3,40,42,NULL),('609',5724,4,40,74,NULL),('609',5724,5,40,79,NULL),('609',5724,6,40,80.5,NULL),('609',5724,13,40,43.5,NULL),('609',5725,1,40,33.5,NULL),('609',5725,3,40,42.5,NULL),('609',5725,4,40,74.5,NULL),('609',5725,5,40,79.5,NULL),('609',5725,6,40,80.5,NULL),('609',5725,13,40,43.5,NULL),('609',791154,1,40,33,NULL),('609',791154,3,40,42,NULL),('609',791154,4,40,74,NULL),('609',791154,5,40,79,NULL),('609',791154,6,40,80,NULL),('609',791154,13,40,43,NULL),('63',51,1,40,33,NULL),('63',51,3,40,42,NULL),('63',61,1,40,33,NULL),('63',61,3,40,42,NULL),('63',62,1,40,33,NULL),('63',62,3,40,42,NULL),('63',63,1,40,33,NULL),('63',63,3,40,42,NULL),('63',64,1,40,33,NULL),('63',64,3,40,42,NULL),('63',65,1,40,33,NULL),('63',65,3,40,42,NULL),('63',74,1,40,33,NULL),('63',74,3,40,42,NULL),('63',5617,1,40,33,NULL),('63',5617,3,40,42,NULL),('63',5629,1,40,33.5,NULL),('63',5629,3,40,42.5,NULL),('63',5667,1,40,33,NULL),('63',5667,3,40,42,NULL),('63',5724,1,40,33,NULL),('63',5724,3,40,42,NULL),('63',5725,1,40,33.5,NULL),('63',5725,3,40,42.5,NULL),('63',791154,1,40,33,NULL),('63',791154,3,40,42,NULL),('74',51,1,40,32.5,NULL),('74',51,3,40,41.5,NULL),('74',51,4,40,73.5,NULL),('74',51,6,40,80,NULL),('74',51,13,40,43,NULL),('74',61,1,40,32.5,NULL),('74',61,3,40,41.5,NULL),('74',61,4,40,73.5,NULL),('74',61,6,40,80,NULL),('74',61,13,40,43,NULL),('74',62,1,40,32.5,NULL),('74',62,3,40,41.5,NULL),('74',62,4,40,73.5,NULL),('74',62,6,40,80,NULL),('74',62,13,40,43,NULL),('74',63,1,40,32.5,NULL),('74',63,3,40,41.5,NULL),('74',63,4,40,73.5,NULL),('74',63,6,40,80,NULL),('74',63,13,40,43,NULL),('74',64,1,40,32.5,NULL),('74',64,3,40,41.5,NULL),('74',64,4,40,73.5,NULL),('74',64,6,40,80,NULL),('74',64,13,40,43,NULL),('74',65,1,40,32.5,NULL),('74',65,3,40,41.5,NULL),('74',65,4,40,73.5,NULL),('74',65,6,40,80,NULL),('74',65,13,40,43,NULL),('74',74,1,40,32.5,NULL),('74',74,3,40,41.5,NULL),('74',74,4,40,73.5,NULL),('74',74,6,40,80,NULL),('74',74,13,40,43,NULL),('74',5617,1,40,32.5,NULL),('74',5617,3,40,41.5,NULL),('74',5617,4,40,73.5,NULL),('74',5617,6,40,80,NULL),('74',5617,13,40,43,NULL),('74',5629,1,40,33,NULL),('74',5629,3,40,42,NULL),('74',5629,4,40,74,NULL),('74',5629,6,40,80.5,NULL),('74',5629,13,40,43.5,NULL),('74',5667,1,40,32.5,NULL),('74',5667,3,40,41.5,NULL),('74',5667,4,40,73.5,NULL),('74',5667,6,40,80,NULL),('74',5667,13,40,43,NULL),('74',5724,1,40,32.5,NULL),('74',5724,3,40,41.5,NULL),('74',5724,4,40,73.5,NULL),('74',5724,6,40,80,NULL),('74',5724,13,40,43,NULL),('74',5725,1,40,33,NULL),('74',5725,3,40,42,NULL),('74',5725,4,40,74,NULL),('74',5725,6,40,80.5,NULL),('74',5725,13,40,43.5,NULL),('74',791154,1,40,32.5,NULL),('74',791154,3,40,41.5,NULL),('74',791154,4,40,73.5,NULL),('74',791154,6,40,80,NULL),('74',791154,13,40,43,NULL),('780',51,1,40,33,NULL),('780',51,3,40,42,NULL),('780',51,4,40,74,NULL),('780',61,1,40,33,NULL),('780',61,3,40,42,NULL),('780',61,4,40,74,NULL),('780',62,1,40,33,NULL),('780',62,3,40,42,NULL),('780',62,4,40,74,NULL),('780',63,1,40,33,NULL),('780',63,3,40,42,NULL),('780',63,4,40,74,NULL),('780',64,1,40,33,NULL),('780',64,3,40,42,NULL),('780',64,4,40,74,NULL),('780',65,1,40,33,NULL),('780',65,3,40,42,NULL),('780',65,4,40,74,NULL),('780',74,1,40,33,NULL),('780',74,3,40,42,NULL),('780',74,4,40,74,NULL),('780',5617,1,40,33,NULL),('780',5617,3,40,42,NULL),('780',5617,4,40,74,NULL),('780',5629,1,40,33.5,NULL),('780',5629,3,40,42.5,NULL),('780',5629,4,40,74.5,NULL),('780',5667,1,40,33,NULL),('780',5667,3,40,42,NULL),('780',5667,4,40,74,NULL),('780',5724,1,40,33,NULL),('780',5724,3,40,42,NULL),('780',5724,4,40,74,NULL),('780',5725,1,40,33.5,NULL),('780',5725,3,40,42.5,NULL),('780',5725,4,40,74.5,NULL),('780',791154,1,40,33,NULL),('780',791154,3,40,42,NULL),('780',791154,4,40,74,NULL),('8',51,1,40,32.5,NULL),('8',51,3,40,41.5,NULL),('8',51,3,41,41.5,NULL),('8',51,4,40,73.5,NULL),('8',51,5,40,78.5,NULL),('8',51,6,40,80,NULL),('8',51,13,40,43,NULL),('8',61,1,40,32.5,NULL),('8',61,3,40,41.5,NULL),('8',61,3,41,41.5,NULL),('8',61,4,40,73.5,NULL),('8',61,5,40,78.5,NULL),('8',61,6,40,80,NULL),('8',61,13,40,43,NULL),('8',62,1,40,32.5,NULL),('8',62,3,40,41.5,NULL),('8',62,3,41,41.5,NULL),('8',62,4,40,73.5,NULL),('8',62,5,40,78.5,NULL),('8',62,6,40,80,NULL),('8',62,13,40,43,NULL),('8',63,1,40,32.5,NULL),('8',63,3,40,41.5,NULL),('8',63,3,41,41.5,NULL),('8',63,4,40,73.5,NULL),('8',63,5,40,78.5,NULL),('8',63,6,40,80,NULL),('8',63,13,40,43,NULL),('8',64,1,40,32.5,NULL),('8',64,3,40,41.5,NULL),('8',64,3,41,41.5,NULL),('8',64,4,40,73.5,NULL),('8',64,5,40,78.5,NULL),('8',64,6,40,80,NULL),('8',64,13,40,43,NULL),('8',65,1,40,32.5,NULL),('8',65,3,40,41.5,NULL),('8',65,3,41,41.5,NULL),('8',65,4,40,73.5,NULL),('8',65,5,40,78.5,NULL),('8',65,6,40,80,NULL),('8',65,13,40,43,NULL),('8',74,1,40,32.5,NULL),('8',74,3,40,41.5,NULL),('8',74,3,41,41.5,NULL),('8',74,4,40,73.5,NULL),('8',74,5,40,78.5,NULL),('8',74,6,40,80,NULL),('8',74,13,40,43,NULL),('8',5617,1,40,32.5,NULL),('8',5617,3,40,41.5,NULL),('8',5617,3,41,41.5,NULL),('8',5617,4,40,73.5,NULL),('8',5617,5,40,78.5,NULL),('8',5617,6,40,80,NULL),('8',5617,13,40,43,NULL),('8',5629,1,40,33,NULL),('8',5629,3,40,42,NULL),('8',5629,3,41,42,NULL),('8',5629,4,40,74,NULL),('8',5629,5,40,79,NULL),('8',5629,6,40,80.5,NULL),('8',5629,13,40,43.5,NULL),('8',5667,1,40,32.5,NULL),('8',5667,3,40,41.5,NULL),('8',5667,4,40,73.5,NULL),('8',5667,5,40,78.5,NULL),('8',5667,6,40,80,NULL),('8',5667,13,40,43,NULL),('8',5724,1,40,32.5,NULL),('8',5724,3,40,41.5,NULL),('8',5724,4,40,73.5,NULL),('8',5724,5,40,78.5,NULL),('8',5724,6,40,80,NULL),('8',5724,13,40,43,NULL),('8',5725,1,40,33,NULL),('8',5725,3,40,42,NULL),('8',5725,4,40,74,NULL),('8',5725,5,40,79,NULL),('8',5725,6,40,80.5,NULL),('8',5725,13,40,43.5,NULL),('8',791154,1,40,32.5,NULL),('8',791154,3,40,41.5,NULL),('8',791154,4,40,73.5,NULL),('8',791154,5,40,78.5,NULL),('8',791154,6,40,80,NULL),('8',791154,13,40,43,NULL),('818',5724,1,40,32.5,NULL),('818',5724,3,40,41.5,NULL),('818',5724,4,40,73.5,NULL),('818',5724,5,40,78.5,NULL),('818',5724,6,40,80,NULL),('818',5724,7,40,91.5,NULL),('818',5724,13,40,43,NULL),('818',5724,14,40,86.5,NULL),('818',5725,1,40,33,NULL),('818',5725,3,40,42,NULL),('818',5725,4,40,74,NULL),('818',5725,5,40,79,NULL),('818',5725,6,40,80.5,NULL),('818',5725,7,40,92,NULL),('818',5725,13,40,43.5,NULL),('818',5725,14,40,87,NULL),('823',51,1,40,32.75,NULL),('823',51,3,40,41.75,NULL),('823',51,4,40,74,NULL),('823',51,6,40,80,NULL),('823',51,13,40,43,NULL),('823',61,1,40,32.75,NULL),('823',61,3,40,41.75,NULL),('823',61,4,40,74,NULL),('823',61,6,40,80,NULL),('823',61,13,40,43,NULL),('823',62,1,40,32.75,NULL),('823',62,3,40,41.75,NULL),('823',62,4,40,74,NULL),('823',62,6,40,80,NULL),('823',62,13,40,43,NULL),('823',63,1,40,32.75,NULL),('823',63,3,40,41.75,NULL),('823',63,4,40,74,NULL),('823',63,6,40,80,NULL),('823',63,13,40,43,NULL),('823',64,1,40,32.75,NULL),('823',64,3,40,41.75,NULL),('823',64,4,40,74,NULL),('823',64,6,40,80,NULL),('823',64,13,40,43,NULL),('823',65,1,40,32.75,NULL),('823',65,3,40,41.75,NULL),('823',65,4,40,74,NULL),('823',65,6,40,80,NULL),('823',65,13,40,43,NULL),('823',74,1,40,32.75,NULL),('823',74,3,40,41.75,NULL),('823',74,4,40,74,NULL),('823',74,6,40,80,NULL),('823',74,13,40,43,NULL),('823',5629,1,40,33.25,NULL),('823',5629,3,40,42.25,NULL),('823',5629,4,40,74.5,NULL),('823',5629,6,40,80.5,NULL),('823',5629,13,40,43.5,NULL),('823',5667,1,40,32.75,NULL),('823',5667,3,40,41.75,NULL),('823',5667,4,40,74,NULL),('823',5667,6,40,80,NULL),('823',5667,13,40,43,NULL),('823',5724,1,40,32.75,NULL),('823',5724,3,40,42.25,NULL),('823',5724,4,40,74,NULL),('823',5724,6,40,80,NULL),('823',5724,13,40,43,NULL),('823',5725,1,40,33.25,NULL),('823',5725,3,40,42.25,NULL),('823',5725,4,40,74.5,NULL),('823',5725,6,40,80.5,NULL),('823',5725,13,40,43.5,NULL),('823',791154,1,40,32.75,NULL),('823',791154,3,40,41.75,NULL),('823',791154,4,40,74,NULL),('823',791154,6,40,80,NULL),('823',791154,13,40,43,NULL),('83',51,3,40,42,NULL),('83',51,4,40,74,NULL),('83',51,5,40,79,NULL),('83',51,6,40,80,NULL),('83',51,13,40,43,NULL),('83',61,3,40,42,NULL),('83',61,4,40,74,NULL),('83',61,5,40,79,NULL),('83',61,6,40,80,NULL),('83',61,13,40,43,NULL),('83',62,3,40,42,NULL),('83',62,4,40,74,NULL),('83',62,5,40,79,NULL),('83',62,6,40,80,NULL),('83',62,13,40,43,NULL),('83',63,3,40,42,NULL),('83',63,4,40,74,NULL),('83',63,5,40,79,NULL),('83',63,6,40,80,NULL),('83',63,13,40,43,NULL),('83',64,3,40,42,NULL),('83',64,4,40,74,NULL),('83',64,5,40,79,NULL),('83',64,6,40,80,NULL),('83',64,13,40,43,NULL),('83',65,3,40,42,NULL),('83',65,4,40,74,NULL),('83',65,5,40,79,NULL),('83',65,6,40,80,NULL),('83',65,13,40,43,NULL),('83',74,3,40,42,NULL),('83',74,4,40,74,NULL),('83',74,5,40,79,NULL),('83',74,6,40,80,NULL),('83',74,13,40,43,NULL),('83',5617,3,40,42,NULL),('83',5617,4,40,74,NULL),('83',5617,5,40,79,NULL),('83',5617,6,40,80,NULL),('83',5617,13,40,43,NULL),('83',5629,3,40,42.5,NULL),('83',5629,4,40,74.5,NULL),('83',5629,5,40,79.5,NULL),('83',5629,6,40,80.5,NULL),('83',5629,13,40,43.5,NULL),('83',5667,3,40,42,NULL),('83',5667,4,40,74,NULL),('83',5667,6,40,80,NULL),('83',5667,13,40,43,NULL),('83',5724,3,40,42,NULL),('83',5724,4,40,74,NULL),('83',5724,6,40,80,NULL),('83',5724,13,40,43,NULL),('83',5725,3,40,42.5,NULL),('83',5725,4,40,74.5,NULL),('83',5725,6,40,80.5,NULL),('83',5725,13,40,43.5,NULL),('83',791154,3,40,42,NULL),('83',791154,4,40,74,NULL),('83',791154,5,40,79,NULL),('83',791154,6,40,80,NULL),('83',791154,13,40,43,NULL),('991',51,1,40,32.5,NULL),('991',51,1,41,33.17,NULL),('991',51,3,40,41.5,NULL),('991',51,3,41,42.08,NULL),('991',51,4,40,73.5,NULL),('991',51,4,41,73.5,NULL),('991',51,5,40,78.5,NULL),('991',51,5,41,78.72,NULL),('991',51,6,40,79.5,NULL),('991',51,6,41,80.2,NULL),('991',51,13,40,42.5,NULL),('991',51,13,41,43.07,NULL),('991',51,14,40,87.5,NULL),('991',61,1,40,32.5,NULL),('991',61,1,41,33.17,NULL),('991',61,3,40,41.5,NULL),('991',61,3,41,42.08,NULL),('991',61,4,40,73.5,NULL),('991',61,4,41,73.5,NULL),('991',61,5,40,78.5,NULL),('991',61,5,41,78.72,NULL),('991',61,6,40,79.5,NULL),('991',61,6,41,80.2,NULL),('991',61,13,40,42.5,NULL),('991',61,13,41,43.07,NULL),('991',61,14,40,87.5,NULL),('991',62,1,40,32.5,NULL),('991',62,1,41,33.17,NULL),('991',62,3,40,41.5,NULL),('991',62,3,41,42.08,NULL),('991',62,4,40,73.5,NULL),('991',62,4,41,73.5,NULL),('991',62,5,40,78.5,NULL),('991',62,5,41,78.72,NULL),('991',62,6,40,79.5,NULL),('991',62,6,41,80.2,NULL),('991',62,13,40,42.5,NULL),('991',62,13,41,43.07,NULL),('991',62,14,40,87.5,NULL),('991',63,1,40,32.5,NULL),('991',63,1,41,33.17,NULL),('991',63,3,40,41.5,NULL),('991',63,3,41,42.08,NULL),('991',63,4,40,73.5,NULL),('991',63,4,41,73.5,NULL),('991',63,5,40,78.5,NULL),('991',63,5,41,78.72,NULL),('991',63,6,40,79.5,NULL),('991',63,6,41,80.2,NULL),('991',63,13,40,42.5,NULL),('991',63,13,41,43.07,NULL),('991',63,14,40,87.5,NULL),('991',64,1,40,32.5,NULL),('991',64,1,41,33.17,NULL),('991',64,3,40,41.5,NULL),('991',64,3,41,42.08,NULL),('991',64,4,40,73.5,NULL),('991',64,4,41,73.5,NULL),('991',64,5,40,78.5,NULL),('991',64,5,41,78.72,NULL),('991',64,6,40,79.5,NULL),('991',64,6,41,80.2,NULL),('991',64,13,40,42.5,NULL),('991',64,13,41,43.07,NULL),('991',64,14,40,87.5,NULL),('991',65,1,40,32.5,NULL),('991',65,1,41,33.17,NULL),('991',65,3,40,41.5,NULL),('991',65,3,41,42.08,NULL),('991',65,4,40,73.5,NULL),('991',65,4,41,73.5,NULL),('991',65,5,40,78.5,NULL),('991',65,5,41,78.72,NULL),('991',65,6,40,79.5,NULL),('991',65,6,41,80.2,NULL),('991',65,13,40,42.5,NULL),('991',65,13,41,43.07,NULL),('991',65,14,40,87.5,NULL),('991',74,1,40,32.5,NULL),('991',74,1,41,33.17,NULL),('991',74,3,40,41.5,NULL),('991',74,3,41,42.08,NULL),('991',74,4,40,73.5,NULL),('991',74,4,41,73.5,NULL),('991',74,5,40,78.5,NULL),('991',74,5,41,78.72,NULL),('991',74,6,40,79.5,NULL),('991',74,6,41,80.2,NULL),('991',74,13,40,42.5,NULL),('991',74,13,41,43.07,NULL),('991',74,14,40,87.5,NULL),('991',5617,1,40,32.5,NULL),('991',5617,1,41,33.17,NULL),('991',5617,3,40,41.5,NULL),('991',5617,3,41,42.08,NULL),('991',5617,4,40,73.5,NULL),('991',5617,4,41,73.5,NULL),('991',5617,5,40,78.5,NULL),('991',5617,5,41,78.72,NULL),('991',5617,6,40,79.5,NULL),('991',5617,6,41,80.2,NULL),('991',5617,13,40,42.5,NULL),('991',5617,13,41,43.07,NULL),('991',5617,14,40,87.5,NULL),('991',5629,1,40,33,NULL),('991',5629,1,41,33.17,NULL),('991',5629,3,40,42,NULL),('991',5629,3,41,42.08,NULL),('991',5629,4,40,74,NULL),('991',5629,4,41,74,NULL),('991',5629,5,40,79,NULL),('991',5629,5,41,78.72,NULL),('991',5629,6,40,80,NULL),('991',5629,6,41,80.2,NULL),('991',5629,13,40,43,NULL),('991',5629,13,41,43.07,NULL),('991',5629,14,40,87.5,NULL),('991',5667,1,40,32.5,NULL),('991',5667,3,40,41.5,NULL),('991',5667,4,40,73.5,NULL),('991',5667,5,40,78.5,NULL),('991',5667,6,40,79.5,NULL),('991',5667,13,40,42.5,NULL),('991',5667,14,40,87,NULL),('991',5724,1,40,32.5,NULL),('991',5724,3,40,41.5,NULL),('991',5724,4,40,73.5,NULL),('991',5724,5,40,78.5,NULL),('991',5724,6,40,79.5,NULL),('991',5724,13,40,42.5,NULL),('991',5725,1,40,33,NULL),('991',5725,3,40,42,NULL),('991',5725,4,40,74,NULL),('991',5725,5,40,79,NULL),('991',5725,6,40,80,NULL),('991',5725,13,40,43,NULL),('991',791154,1,40,32.5,NULL),('991',791154,3,40,41.5,NULL),('991',791154,4,40,73.5,NULL),('991',791154,5,40,78.5,NULL),('991',791154,6,40,79.5,NULL),('991',791154,13,40,42.5,NULL),('991',791154,14,40,87.5,NULL);
/*!40000 ALTER TABLE `pricelist` ENABLE KEYS */;
UNLOCK TABLES;

--
-- Table structure for table `product`
--

DROP TABLE IF EXISTS `product`;
/*!40101 SET @saved_cs_client     = @@character_set_client */;
/*!50503 SET character_set_client = utf8mb4 */;
CREATE TABLE `product` (
  `ID` int NOT NULL,
  `SW` varchar(20) NOT NULL,
  `Description` varchar(100) NOT NULL,
  `Category` int DEFAULT NULL,
  PRIMARY KEY (`ID`)
) ENGINE=InnoDB DEFAULT CHARSET=utf8mb3;
/*!40101 SET character_set_client = @saved_cs_client */;

--
-- Dumping data for table `product`
--

LOCK TABLES `product` WRITE;
/*!40000 ALTER TABLE `product` DISABLE KEYS */;
INSERT INTO `product` VALUES (51,'PCT','Cat',2),(61,'PGP','Gipsy',5),(62,'PAT','Anting',1),(63,'PCC','Cincin',3),(64,'PLT','Liontin',6),(65,'PGL','Gelang',4),(67,'PC1','Cat 1/2',8),(74,'PST','Set',7),(5617,'PKL','Kalung',11),(5629,'PRT','Rantai Cat',9),(5667,'PRB','Rantai BC',10),(5724,'PAV','Anting Variasi',12),(5725,'PRV','Rantai VR',13),(791154,'PMN','Mainan',14);
/*!40000 ALTER TABLE `product` ENABLE KEYS */;
UNLOCK TABLES;

--
-- Table structure for table `stock`
--

DROP TABLE IF EXISTS `stock`;
/*!40101 SET @saved_cs_client     = @@character_set_client */;
/*!50503 SET character_set_client = utf8mb4 */;
CREATE TABLE `stock` (
  `ID` int NOT NULL AUTO_INCREMENT,
  `Product` int NOT NULL,
  `Carat` int NOT NULL,
  `Debet` double NOT NULL,
  `Credit` double NOT NULL,
  `Saldo` double NOT NULL,
  `LinkID` int NOT NULL,
  `LinkOrd` int NOT NULL,
  `TransDate` date NOT NULL,
  PRIMARY KEY (`ID`),
  KEY `LinkID` (`LinkID`,`LinkOrd`)
) ENGINE=InnoDB AUTO_INCREMENT=3567 DEFAULT CHARSET=utf8mb3;
/*!40101 SET character_set_client = @saved_cs_client */;

--
-- Dumping data for table `stock`
--

LOCK TABLES `stock` WRITE;
/*!40000 ALTER TABLE `stock` DISABLE KEYS */;
INSERT INTO `stock` VALUES (504,65,3,0,12.07,0,2,1,'2019-09-12'),(505,62,3,0,19.05,0,2,2,'2019-09-12');
/*!40000 ALTER TABLE `stock` ENABLE KEYS */;
UNLOCK TABLES;

--
-- Dumping routines for database 'sales'
--
/*!40103 SET TIME_ZONE=@OLD_TIME_ZONE */;

/*!40101 SET SQL_MODE=@OLD_SQL_MODE */;
/*!40014 SET FOREIGN_KEY_CHECKS=@OLD_FOREIGN_KEY_CHECKS */;
/*!40014 SET UNIQUE_CHECKS=@OLD_UNIQUE_CHECKS */;
/*!40101 SET CHARACTER_SET_CLIENT=@OLD_CHARACTER_SET_CLIENT */;
/*!40101 SET CHARACTER_SET_RESULTS=@OLD_CHARACTER_SET_RESULTS */;
/*!40101 SET COLLATION_CONNECTION=@OLD_COLLATION_CONNECTION */;
/*!40111 SET SQL_NOTES=@OLD_SQL_NOTES */;

-- Dump completed on 2025-08-28 15:47:17
